s_id,c_id,m_id,is_deleted,ban_at
3,306,3352,False,2025-09-06 15:59
3,62,6210,False,2025-09-08 08:42
1,367,5169,False,2025-09-08 12:40
1,1099,8305,False,2025-09-07 05:56
3,184,6261,False,2025-09-07 05:18
3,855,799,False,2025-09-08 23:18
1,611,7641,False,2025-09-08 07:42
3,794,2909,False,2025-09-08 13:50
3,1,5166,False,2025-09-09 04:09
1,550,5083,False,2025-09-09 03:45
3,1,3196,False,2025-09-09 10:49
2,794,4949,False,2025-09-09 09:02
1,1160,4484,False,2025-09-09 21:49
1,855,6798,False,2025-09-10 16:34
2,184,4834,False,2025-09-10 10:09
1,428,7386,False,2025-09-10 10:06
2,550,2379,False,2025-09-09 18:13
1,1099,6104,False,2025-09-10 12:40
3,123,8464,False,2025-09-10 02:14
3,62,5616,False,2025-09-10 07:36
1,245,456,False,2025-09-10 03:03
2,855,8752,False,2025-09-10 15:35
1,794,8706,False,2025-09-11 04:10
1,367,1791,False,2025-09-10 20:22
3,733,3807,False,2025-09-11 11:39
1,184,7193,False,2025-09-11 19:18
3,489,7734,False,2025-09-11 22:20
3,123,8765,False,2025-09-10 21:27
3,306,7364,False,2025-09-11 22:08
2,1,5012,False,2025-09-11 06:47
2,855,1974,False,2025-09-12 05:29
3,1099,9813,False,2025-09-13 03:12
3,1099,8363,False,2025-09-13 02:13
3,611,4135,False,2025-09-12 13:35
1,1099,7408,False,2025-09-13 08:19
2,306,1250,False,2025-09-13 15:15
1,367,7493,False,2025-09-13 10:42
2,1160,8723,False,2025-09-13 09:14
1,62,5094,False,2025-09-12 20:49
3,62,7219,False,2025-09-14 12:43
2,550,4440,False,2025-09-14 17:03
2,1,2321,False,2025-09-15 00:30
2,245,8569,False,2025-09-14 00:00
3,1160,3111,False,2025-09-13 23:26
2,550,18,False,2025-09-15 09:17
1,367,868,False,2025-09-14 14:30
3,855,1042,False,2025-09-14 22:47
2,184,5477,False,2025-09-15 17:21
1,611,7116,False,2025-09-14 23:44
1,123,7899,False,2025-09-15 01:01
3,489,6496,False,2025-09-16 07:02
2,428,3665,False,2025-09-15 12:48
1,489,3762,False,2025-09-15 20:36
1,855,5331,False,2025-09-16 18:59
2,1099,7249,False,2025-09-16 03:43
2,672,851,False,2025-09-16 07:38
2,611,1910,False,2025-09-15 05:25
1,1099,5269,False,2025-09-15 22:36
2,489,7296,False,2025-09-15 23:32
1,184,9278,False,2025-09-17 01:52
1,977,9014,False,2025-09-16 22:17
3,306,7593,False,2025-09-17 08:55
1,428,772,False,2025-09-15 21:32
1,1,4040,False,2025-09-15 21:11
3,123,876,False,2025-09-17 01:24
1,489,1434,False,2025-09-16 21:04
2,367,2590,False,2025-09-16 04:52
3,245,8720,False,2025-09-18 08:17
1,977,2747,False,2025-09-16 22:29
3,550,7081,False,2025-09-17 16:09
1,123,5671,False,2025-09-18 07:13
1,489,7939,False,2025-09-18 04:27
3,245,973,False,2025-09-18 00:10
2,794,1177,False,2025-09-17 20:43
1,306,5337,False,2025-09-17 05:24
1,733,5985,False,2025-09-18 07:59
3,1160,7872,False,2025-09-18 15:46
3,611,3037,False,2025-09-18 21:27
1,855,9629,False,2025-09-19 19:03
1,1160,2027,False,2025-09-18 11:39
2,733,3370,False,2025-09-20 02:59
1,184,4078,False,2025-09-20 00:34
1,367,2366,False,2025-09-18 17:39
2,855,1188,False,2025-09-20 04:24
2,916,9502,False,2025-09-19 01:50
3,1099,4405,False,2025-09-18 20:26
3,550,9128,False,2025-09-19 13:53
3,367,7752,False,2025-09-20 01:15
1,489,1761,False,2025-09-20 04:24
2,1160,8284,False,2025-09-19 14:46
2,794,5665,False,2025-09-19 17:07
2,184,2027,False,2025-09-20 18:03
3,306,8227,False,2025-09-20 21:36
1,794,4295,False,2025-09-21 11:19
2,184,1704,False,2025-09-20 21:36
2,1160,2335,False,2025-09-21 09:43
2,1038,9702,False,2025-09-21 09:42
2,62,2210,False,2025-09-20 07:38
2,550,9863,False,2025-09-21 07:37
3,1099,2143,False,2025-09-21 04:53
2,245,7397,False,2025-09-20 12:21
1,733,5544,False,2025-09-21 15:25
1,611,2167,False,2025-09-21 17:06
1,611,9409,False,2025-09-21 11:55
2,977,3190,False,2025-09-22 17:25
1,245,1254,False,2025-09-22 04:33
1,916,7499,False,2025-09-22 00:38
2,1038,4490,False,2025-09-22 00:27
2,428,6874,False,2025-09-21 20:57
1,1,9222,False,2025-09-21 09:12
3,855,7690,False,2025-09-23 02:24
3,916,9883,False,2025-09-21 23:05
2,306,5901,False,2025-09-21 19:27
1,306,7514,False,2025-09-22 00:09
3,1,8627,False,2025-09-22 20:54
2,855,5531,False,2025-09-23 12:29
1,306,9227,False,2025-09-21 20:16
1,245,2020,False,2025-09-22 07:44
3,1,1899,False,2025-09-23 18:29
2,306,3418,False,2025-09-22 16:26
1,428,2997,False,2025-09-22 02:49
1,611,1044,False,2025-09-23 20:45
1,367,826,False,2025-09-22 17:26
3,62,2023,False,2025-09-22 20:10
3,916,6186,False,2025-09-22 18:05
2,123,784,False,2025-09-23 23:17
1,855,6368,False,2025-09-24 08:16
1,184,3331,False,2025-09-24 08:41
2,367,8794,False,2025-09-24 12:28
1,428,8510,False,2025-09-25 00:51
1,306,7408,False,2025-09-24 03:14
2,672,5756,False,2025-09-25 15:00
1,245,2059,False,2025-09-23 21:02
1,428,9993,False,2025-09-25 02:29
1,428,3065,False,2025-09-24 04:26
3,184,5318,False,2025-09-24 11:55
2,1099,5332,False,2025-09-24 03:13
2,1,9274,False,2025-09-26 02:06
1,367,2404,False,2025-09-25 11:52
3,245,9168,False,2025-09-25 07:36
3,428,1128,False,2025-09-25 22:17
2,977,1917,False,2025-09-26 17:42
3,977,773,False,2025-09-26 02:20
3,367,101,False,2025-09-26 02:30
1,611,670,False,2025-09-25 23:38
2,794,8526,False,2025-09-26 07:06
3,550,2274,False,2025-09-26 01:43
3,611,3034,False,2025-09-26 14:05
2,550,9734,False,2025-09-26 21:13
3,1099,9016,False,2025-09-27 08:17
2,367,4749,False,2025-09-26 18:56
1,672,9594,False,2025-09-27 14:31
2,184,9213,False,2025-09-26 15:42
1,62,7869,False,2025-09-27 20:04
2,306,6722,False,2025-09-27 15:51
3,428,3673,False,2025-09-26 19:02
3,245,2942,False,2025-09-28 10:20
1,733,3706,False,2025-09-28 05:38
1,62,1105,False,2025-09-27 01:36
3,245,3389,False,2025-09-27 16:39
2,855,1470,False,2025-09-27 22:03
2,428,304,False,2025-09-28 18:34
3,1099,7420,False,2025-09-29 06:45
1,1038,8242,False,2025-09-29 08:57
2,184,4337,False,2025-09-28 09:53
1,1,8471,False,2025-09-28 04:22
2,1099,659,False,2025-09-29 13:32
2,1,7180,False,2025-09-28 10:57
1,306,7951,False,2025-09-30 00:09
2,62,4614,False,2025-09-28 04:44
1,1,7489,False,2025-09-28 16:26
2,306,4572,False,2025-09-29 00:28
1,733,6789,False,2025-09-28 11:39
2,672,425,False,2025-09-30 01:40
3,550,3493,False,2025-09-29 10:20
3,550,8390,False,2025-09-30 04:47
3,550,7931,False,2025-09-29 18:38
3,550,3776,False,2025-09-29 18:16
2,1160,5331,False,2025-09-29 01:16
1,1038,7681,False,2025-09-30 17:13
3,306,2088,False,2025-09-30 04:17
2,1099,1763,False,2025-09-30 10:08
3,1,6553,False,2025-09-29 12:07
3,1160,3388,False,2025-09-30 12:29
2,306,1747,False,2025-09-30 15:22
3,550,6833,False,2025-09-30 01:30
2,794,7882,False,2025-10-01 06:57
3,489,1468,False,2025-10-01 16:13
3,1160,7836,False,2025-10-01 02:29
3,855,8417,False,2025-10-01 15:23
1,1160,7365,False,2025-09-30 22:17
3,1,259,False,2025-10-01 17:10
3,977,3797,False,2025-10-01 14:41
3,1,4286,False,2025-10-01 00:54
3,794,5835,False,2025-10-02 02:54
3,184,9239,False,2025-10-02 08:53
1,1160,977,False,2025-10-01 05:24
2,916,7928,False,2025-10-01 00:39
2,977,2959,False,2025-10-02 16:27
1,794,6922,False,2025-10-01 14:46
1,794,9754,False,2025-10-02 16:59
3,1099,7926,False,2025-10-02 01:18
3,733,362,False,2025-10-01 07:58
1,1160,4765,False,2025-10-01 02:05
2,245,1376,False,2025-10-01 20:32
1,306,9297,False,2025-10-01 09:33
2,123,617,False,2025-10-02 21:14
2,367,8166,False,2025-10-01 05:28
2,123,8604,False,2025-10-02 07:14
2,1038,1998,False,2025-10-02 22:10
3,977,9444,False,2025-10-01 21:31
1,855,2318,False,2025-10-02 16:52
1,62,4447,False,2025-10-03 23:51
3,245,7109,False,2025-10-03 20:16
1,489,8030,False,2025-10-03 03:12
1,184,8585,False,2025-10-03 14:35
3,62,7351,False,2025-10-03 12:07
2,1160,9466,False,2025-10-03 02:59
3,794,3976,False,2025-10-03 20:47
1,977,2679,False,2025-10-03 10:39
1,245,7628,False,2025-10-04 10:02
3,489,1658,False,2025-10-02 21:33
1,1160,4127,False,2025-10-03 01:00
1,550,6898,False,2025-10-03 23:53
2,611,874,False,2025-10-04 17:04
3,245,8887,False,2025-10-04 11:50
3,672,2341,False,2025-10-03 14:26
2,245,3804,False,2025-10-05 13:13
1,123,2022,False,2025-10-05 08:05
1,733,9533,False,2025-10-05 15:49
1,1,344,False,2025-10-05 17:13
3,184,9341,False,2025-10-04 17:19
1,794,7834,False,2025-10-05 10:39
2,794,826,False,2025-10-04 07:53
1,62,5120,False,2025-10-05 04:48
1,184,7284,False,2025-10-05 16:01
3,794,6698,False,2025-10-05 09:25
2,550,2128,False,2025-10-07 01:15
1,306,9340,False,2025-10-05 23:01
1,428,386,False,2025-10-06 11:20
2,62,1410,False,2025-10-07 10:01
1,611,5554,False,2025-10-07 13:07
1,794,1963,False,2025-10-06 22:57
1,62,4236,False,2025-10-06 12:13
2,184,1309,False,2025-10-06 20:06
3,611,2991,False,2025-10-06 11:47
2,62,2369,False,2025-10-07 16:05
2,855,4941,False,2025-10-06 17:14
1,672,960,False,2025-10-07 05:42
2,611,1822,False,2025-10-08 15:25
2,916,289,False,2025-10-07 00:38
2,367,5947,False,2025-10-07 00:38
1,672,6538,False,2025-10-07 05:33
2,733,7100,False,2025-10-07 04:30
2,184,2083,False,2025-10-08 03:13
3,428,2790,False,2025-10-07 22:12
2,367,4924,False,2025-10-09 01:12
2,1038,1747,False,2025-10-08 04:42
3,672,1865,False,2025-10-08 18:57
3,184,8175,False,2025-10-08 14:48
3,916,561,False,2025-10-09 06:40
3,550,3233,False,2025-10-09 20:53
2,611,2371,False,2025-10-09 00:14
2,977,8762,False,2025-10-08 16:36
1,1038,3570,False,2025-10-10 03:19
3,672,8066,False,2025-10-09 02:35
1,550,8910,False,2025-10-09 03:59
1,1,3272,False,2025-10-10 09:30
3,611,1726,False,2025-10-10 15:23
3,672,4972,False,2025-10-10 12:11
3,611,7902,False,2025-10-10 10:35
3,672,3586,False,2025-10-11 06:13
3,428,5440,False,2025-10-11 04:49
2,184,9866,False,2025-10-10 17:21
2,306,5983,False,2025-10-10 07:45
1,977,2437,False,2025-10-12 02:57
1,62,425,False,2025-10-11 06:27
3,855,4382,False,2025-10-11 19:58
1,550,2951,False,2025-10-11 01:11
1,245,8924,False,2025-10-11 07:53
1,550,4021,False,2025-10-11 15:00
1,428,2693,False,2025-10-11 01:58
1,367,4793,False,2025-10-11 09:23
2,489,9802,False,2025-10-11 12:35
1,916,6741,False,2025-10-11 22:51
2,306,597,False,2025-10-12 08:17
3,428,3914,False,2025-10-11 13:03
3,672,7886,False,2025-10-11 15:22
1,550,9162,False,2025-10-12 16:49
3,245,1547,False,2025-10-13 06:12
3,611,4206,False,2025-10-12 13:11
3,1099,43,False,2025-10-12 10:31
1,794,1551,False,2025-10-12 05:43
2,245,2049,False,2025-10-13 21:22
1,62,1781,False,2025-10-13 09:39
2,672,7407,False,2025-10-13 15:22
2,306,5185,False,2025-10-12 17:16
3,672,1662,False,2025-10-12 23:52
2,550,7652,False,2025-10-12 21:52
2,367,4978,False,2025-10-14 03:35
1,123,2439,False,2025-10-13 21:20
3,123,7390,False,2025-10-14 14:02
3,123,1458,False,2025-10-14 20:11
3,306,8267,False,2025-10-15 06:40
3,672,9843,False,2025-10-13 16:03
2,611,405,False,2025-10-13 17:12
3,611,6716,False,2025-10-14 12:25
1,916,8175,False,2025-10-15 07:14
2,916,700,False,2025-10-15 07:34
3,1160,3946,False,2025-10-14 00:22
2,245,2285,False,2025-10-14 04:41
1,62,157,False,2025-10-15 19:33
2,489,5635,False,2025-10-14 08:24
1,428,1875,False,2025-10-15 08:00
1,855,6308,False,2025-10-15 11:51
2,306,5695,False,2025-10-15 16:40
2,977,4413,False,2025-10-15 05:50
2,611,6251,False,2025-10-16 01:46
1,550,9783,False,2025-10-16 00:11
3,794,7723,False,2025-10-15 10:51
3,1099,7231,False,2025-10-15 01:39
2,1160,3745,False,2025-10-16 15:19
1,916,8941,False,2025-10-16 16:24
3,306,8483,False,2025-10-17 01:09
3,428,6910,False,2025-10-16 16:47
1,855,2838,False,2025-10-17 02:15
2,1099,1022,False,2025-10-17 04:36
1,428,4440,False,2025-10-17 09:21
2,489,4043,False,2025-10-16 02:31
1,855,7502,False,2025-10-16 21:05
1,306,8536,False,2025-10-18 04:51
1,306,867,False,2025-10-17 04:09
1,977,4466,False,2025-10-17 21:59
1,489,6856,False,2025-10-16 20:18
3,855,9914,False,2025-10-18 16:55
2,1,3839,False,2025-10-17 06:47
2,1038,8590,False,2025-10-18 16:19
1,245,2380,False,2025-10-18 05:49
3,1038,30,False,2025-10-19 00:44
2,1038,4685,False,2025-10-18 22:39
1,672,2848,False,2025-10-18 09:14
2,855,3856,False,2025-10-19 03:18
3,489,5256,False,2025-10-20 13:27
3,367,1395,False,2025-10-19 23:42
1,306,3921,False,2025-10-20 15:58
1,733,7493,False,2025-10-19 01:44
1,855,2512,False,2025-10-20 19:07
3,916,2948,False,2025-10-20 12:51
3,855,4384,False,2025-10-19 11:56
1,733,9400,False,2025-10-20 22:52
2,428,6947,False,2025-10-20 12:00
2,1099,1542,False,2025-10-19 22:18
1,855,6634,False,2025-10-20 10:39
3,733,9044,False,2025-10-21 00:18
3,1038,3412,False,2025-10-21 09:33
2,550,1454,False,2025-10-20 18:14
2,1,4415,False,2025-10-20 23:42
3,916,3660,False,2025-10-22 01:39
3,916,2523,False,2025-10-21 05:40
3,123,3850,False,2025-10-21 07:45
2,977,2079,False,2025-10-21 16:35
3,855,28,False,2025-10-21 00:54
2,855,8241,False,2025-10-21 18:49
3,1160,5296,False,2025-10-21 02:02
3,733,599,False,2025-10-21 11:30
3,306,3839,False,2025-10-22 05:15
3,794,5764,False,2025-10-22 17:03
1,855,5881,False,2025-10-21 18:32
2,794,4370,False,2025-10-23 04:55
3,977,1742,False,2025-10-23 06:06
2,733,3979,False,2025-10-23 03:58
2,550,3089,False,2025-10-22 10:21
2,1160,50,False,2025-10-24 02:21
3,489,4487,False,2025-10-24 02:45
3,733,5524,False,2025-10-22 23:52
2,672,5346,False,2025-10-23 21:29
3,550,7051,False,2025-10-23 12:17
2,916,7390,False,2025-10-23 09:40
1,977,3885,False,2025-10-23 13:01
3,367,9290,False,2025-10-24 21:19
2,672,2578,False,2025-10-24 14:07
3,1099,2252,False,2025-10-23 19:23
2,672,9461,False,2025-10-23 18:39
1,367,7221,False,2025-10-25 09:19
3,428,6949,False,2025-10-23 23:15
1,1,333,False,2025-10-24 01:06
3,367,3601,False,2025-10-25 23:16
3,489,7098,False,2025-10-24 14:41
2,62,8892,False,2025-10-26 07:43
2,977,683,False,2025-10-26 05:29
3,794,3066,False,2025-10-25 21:40
1,977,7218,False,2025-10-25 23:14
3,855,3969,False,2025-10-25 19:13
1,62,5714,False,2025-10-26 18:39
1,855,600,False,2025-10-25 05:47
1,367,167,False,2025-10-26 08:52
3,489,7943,False,2025-10-25 23:20
2,855,3484,False,2025-10-25 10:51
2,916,1133,False,2025-10-27 05:34
3,916,4217,False,2025-10-25 14:12
3,489,8273,False,2025-10-25 16:11
1,245,5658,False,2025-10-26 03:15
3,611,6602,False,2025-10-26 18:31
1,245,9512,False,2025-10-27 01:54
1,367,2836,False,2025-10-26 02:50
3,794,2214,False,2025-10-27 00:00
3,794,8934,False,2025-10-27 19:50
2,1160,9590,False,2025-10-27 09:58
2,123,711,False,2025-10-26 16:01
1,1099,4575,False,2025-10-27 07:33
1,794,4749,False,2025-10-26 13:37
3,1160,2984,False,2025-10-28 01:28
2,977,5059,False,2025-10-26 14:15
3,672,4507,False,2025-10-26 19:22
1,1,6628,False,2025-10-27 11:25
2,916,6107,False,2025-10-27 10:57
2,916,5970,False,2025-10-28 02:16
3,1160,3042,False,2025-10-27 00:27
1,794,6460,False,2025-10-27 12:44
3,1038,5058,False,2025-10-27 04:27
3,367,9088,False,2025-10-27 09:27
1,916,2254,False,2025-10-29 07:57
1,1038,5426,False,2025-10-28 14:15
2,733,1698,False,2025-10-28 09:16
3,1160,6572,False,2025-10-27 16:36
3,245,4451,False,2025-10-29 03:38
1,977,4750,False,2025-10-29 12:18
2,245,1932,False,2025-10-29 19:03
3,1160,7516,False,2025-10-28 11:10
1,245,7386,False,2025-10-28 21:28
1,794,4943,False,2025-10-28 12:56
1,977,9927,False,2025-10-30 01:28
1,794,5071,False,2025-10-29 15:19
1,550,9196,False,2025-10-30 01:39
2,245,4271,False,2025-10-30 02:50
2,184,3773,False,2025-10-28 23:32
1,62,3615,False,2025-10-29 16:03
3,1099,9862,False,2025-10-29 01:07
2,733,5404,False,2025-10-29 12:10
3,367,6923,False,2025-10-28 22:02
3,1160,2616,False,2025-10-30 11:16
3,733,7200,False,2025-10-30 01:26
3,1099,950,False,2025-10-30 10:15
2,916,5317,False,2025-10-31 08:14
2,184,3544,False,2025-10-29 23:26
2,1099,2019,False,2025-10-30 06:05
2,1099,7818,False,2025-10-31 12:47
2,794,2010,False,2025-10-30 23:08
1,1099,1837,False,2025-11-01 20:38
2,977,4186,False,2025-11-01 13:45
1,794,1372,False,2025-11-01 01:28
1,489,5006,False,2025-11-01 21:51
1,1,4288,False,2025-11-01 14:25
2,550,4670,False,2025-11-01 13:56
1,611,2308,False,2025-11-02 15:28
1,611,6865,False,2025-11-02 19:34
3,184,9979,False,2025-11-02 10:29
2,367,4357,False,2025-11-02 03:50
3,62,6948,False,2025-11-02 16:30
1,977,8406,False,2025-11-02 09:36
1,123,3657,False,2025-11-01 22:21
3,672,6495,False,2025-11-01 09:15
1,1038,9448,False,2025-11-02 14:34
3,489,9924,False,2025-11-03 04:32
1,1160,5616,False,2025-11-03 14:45
2,550,462,False,2025-11-03 01:25
1,550,2938,False,2025-11-03 08:48
1,428,1131,False,2025-11-03 11:36
3,1160,8769,False,2025-11-02 13:31
2,550,2231,False,2025-11-02 23:49
1,1,1287,False,2025-11-04 04:09
2,184,6864,False,2025-11-02 20:07
3,1,267,False,2025-11-03 12:34
3,62,2919,False,2025-11-03 19:49
3,733,2510,False,2025-11-03 14:45
3,550,9354,False,2025-11-04 03:53
1,977,4900,False,2025-11-03 20:20
3,367,2309,False,2025-11-03 22:25
3,62,4068,False,2025-11-05 04:24
2,977,823,False,2025-11-04 03:57
2,916,4630,False,2025-11-05 11:02
1,855,6804,False,2025-11-04 23:40
2,733,6025,False,2025-11-06 05:00
1,855,1518,False,2025-11-04 23:58
3,428,550,False,2025-11-05 18:36
1,184,3760,False,2025-11-06 04:53
2,1099,3158,False,2025-11-05 14:01
1,245,1249,False,2025-11-05 04:47
2,245,3785,False,2025-11-06 11:52
2,1099,2965,False,2025-11-05 13:06
1,123,2535,False,2025-11-05 02:46
1,611,4864,False,2025-11-05 10:19
3,1099,4793,False,2025-11-07 05:20
3,62,6548,False,2025-11-06 20:57
3,672,4333,False,2025-11-06 21:02
1,489,9251,False,2025-11-05 21:55
3,1038,1226,False,2025-11-07 10:15
1,672,5929,False,2025-11-06 11:21
3,428,3859,False,2025-11-06 07:19
2,245,1071,False,2025-11-07 13:47
1,611,2029,False,2025-11-06 12:35
1,977,2657,False,2025-11-06 08:23
2,855,3452,False,2025-11-07 16:27
3,184,54,False,2025-11-07 14:20
2,1099,6179,False,2025-11-07 13:30
2,1038,5222,False,2025-11-06 12:40
2,367,1679,False,2025-11-08 02:59
2,1160,482,False,2025-11-07 06:31
1,1038,2929,False,2025-11-06 16:34
1,1,2893,False,2025-11-06 21:58
3,367,3786,False,2025-11-07 19:43
1,1038,1618,False,2025-11-08 09:15
1,1160,6182,False,2025-11-07 16:35
3,794,7283,False,2025-11-08 15:38
2,245,492,False,2025-11-09 05:54
1,1160,4335,False,2025-11-08 03:42
1,611,530,False,2025-11-09 07:25
1,916,9687,False,2025-11-09 05:02
1,306,7756,False,2025-11-08 03:57
3,1160,9014,False,2025-11-07 19:47
1,428,5686,False,2025-11-08 18:08
1,794,4123,False,2025-11-09 12:50
3,1160,8435,False,2025-11-08 20:54
1,306,3016,False,2025-11-10 08:28
3,367,7634,False,2025-11-09 11:23
1,977,502,False,2025-11-09 18:08
3,489,8432,False,2025-11-09 16:03
1,916,8137,False,2025-11-09 01:05
3,672,8069,False,2025-11-09 10:27
3,916,4845,False,2025-11-10 03:59
2,733,3947,False,2025-11-11 04:19
1,550,5912,False,2025-11-11 11:42
3,1160,99,False,2025-11-10 18:35
2,306,8797,False,2025-11-11 16:49
1,306,9730,False,2025-11-11 04:02
3,62,4262,False,2025-11-11 08:06
1,184,9085,False,2025-11-11 12:29
3,1160,5950,False,2025-11-10 01:39
3,245,6731,False,2025-11-10 14:03
2,367,3057,False,2025-11-10 06:01
1,672,1925,False,2025-11-11 06:48
3,977,6849,False,2025-11-11 01:27
2,245,2645,False,2025-11-11 05:14
1,1,1807,False,2025-11-12 13:26
2,977,6931,False,2025-11-11 22:16
3,733,8716,False,2025-11-11 01:14
1,977,7704,False,2025-11-12 22:56
3,306,7627,False,2025-11-12 22:54
2,184,6769,False,2025-11-13 02:37
1,1099,4560,False,2025-11-12 11:22
3,611,3675,False,2025-11-12 01:29
3,1038,2232,False,2025-11-12 21:22
1,184,4749,False,2025-11-13 18:33
2,184,7342,False,2025-11-13 11:19
1,672,9315,False,2025-11-12 19:41
1,245,9572,False,2025-11-13 21:41
1,916,1307,False,2025-11-13 18:19
2,1160,4590,False,2025-11-12 10:42
3,1099,6871,False,2025-11-13 23:07
1,855,3236,False,2025-11-14 03:37
3,489,4501,False,2025-11-14 00:39
1,367,2320,False,2025-11-14 03:22
3,306,3500,False,2025-11-13 20:58
1,245,8274,False,2025-11-14 22:45
1,855,9572,False,2025-11-15 07:48
2,489,5071,False,2025-11-15 18:55
3,794,6749,False,2025-11-14 23:36
3,672,6559,False,2025-11-15 12:43
3,62,8601,False,2025-11-15 22:48
3,428,777,False,2025-11-14 18:57
1,1099,514,False,2025-11-14 20:57
1,733,8032,False,2025-11-16 08:22
1,1160,1676,False,2025-11-15 02:44
1,1099,6371,False,2025-11-16 14:46
2,306,8795,False,2025-11-15 18:50
1,855,9704,False,2025-11-15 10:45
3,245,3853,False,2025-11-15 08:54
3,428,3195,False,2025-11-15 07:28
2,1,3984,False,2025-11-15 15:42
1,611,6857,False,2025-11-17 05:56
1,428,6,False,2025-11-16 21:17
1,1160,3225,False,2025-11-16 14:37
3,733,2247,False,2025-11-17 07:01
3,1099,3525,False,2025-11-16 12:36
3,62,839,False,2025-11-17 15:07
2,123,2097,False,2025-11-15 21:13
2,733,2276,False,2025-11-18 02:19
1,550,395,False,2025-11-16 12:46
3,1,2599,False,2025-11-17 22:45
3,62,6936,False,2025-11-17 11:10
3,123,4618,False,2025-11-16 20:01
1,550,765,False,2025-11-16 22:32
1,1,4154,False,2025-11-17 11:45
1,1038,8157,False,2025-11-17 06:02
1,123,9286,False,2025-11-18 03:31
2,489,5218,False,2025-11-18 07:17
2,672,4642,False,2025-11-17 04:53
2,1160,3893,False,2025-11-18 08:23
3,977,1211,False,2025-11-18 16:43
1,1,192,False,2025-11-18 08:07
2,245,6560,False,2025-11-19 03:25
1,367,3961,False,2025-11-18 06:33
1,123,2400,False,2025-11-18 02:10
2,733,1229,False,2025-11-18 07:13
2,367,1525,False,2025-11-18 19:56
2,1099,4041,False,2025-11-19 05:17
1,733,8246,False,2025-11-18 19:09
1,428,1897,False,2025-11-19 00:10
1,428,1527,False,2025-11-19 06:38
2,794,9327,False,2025-11-19 00:18
3,1099,8526,False,2025-11-19 15:49
1,672,3102,False,2025-11-21 06:42
2,184,629,False,2025-11-21 06:52
1,489,1087,False,2025-11-20 16:46
1,245,259,False,2025-11-21 16:04
1,611,8011,False,2025-11-21 23:21
2,733,9818,False,2025-11-20 13:53
2,428,189,False,2025-11-20 12:59
3,1160,4236,False,2025-11-21 00:37
1,245,9560,False,2025-11-21 00:39
2,550,7023,False,2025-11-22 16:45
1,184,230,False,2025-11-20 23:59
3,184,3286,False,2025-11-21 13:49
3,1099,774,False,2025-11-22 04:53
1,62,2480,False,2025-11-22 09:44
3,611,234,False,2025-11-22 17:03
3,733,9146,False,2025-11-22 05:24
3,1160,3980,False,2025-11-22 13:45
3,123,8989,False,2025-11-21 22:21
3,916,8430,False,2025-11-21 18:08
1,1160,5115,False,2025-11-22 11:05
1,1160,5237,False,2025-11-22 00:44
1,367,3574,False,2025-11-22 15:56
3,1038,8441,False,2025-11-22 14:27
2,550,7560,False,2025-11-23 22:18
1,733,5257,False,2025-11-22 23:57
2,977,4381,False,2025-11-22 23:03
3,1,6402,False,2025-11-24 01:33
2,1,8621,False,2025-11-24 02:04
2,62,5187,False,2025-11-22 13:07
3,977,9428,False,2025-11-23 19:15
2,245,1347,False,2025-11-23 08:48
2,1099,6447,False,2025-11-24 05:38
1,428,4246,False,2025-11-24 14:15
2,306,5485,False,2025-11-23 16:58
2,794,4141,False,2025-11-24 11:49
2,123,6600,False,2025-11-23 14:16
1,306,7379,False,2025-11-23 23:44
1,489,5587,False,2025-11-24 01:40
3,794,3522,False,2025-11-24 07:10
3,1160,7793,False,2025-11-24 04:52
2,428,3298,False,2025-11-24 22:00
3,62,8269,False,2025-11-25 02:10
3,62,7993,False,2025-11-25 21:08
1,794,5449,False,2025-11-26 02:22
1,62,862,False,2025-11-25 13:22
3,672,7972,False,2025-11-25 03:58
1,123,1625,False,2025-11-25 07:20
3,550,7897,False,2025-11-25 10:32
2,611,5144,False,2025-11-26 15:53
1,62,9893,False,2025-11-26 08:51
1,855,4770,False,2025-11-26 20:36
2,1,964,False,2025-11-26 23:50
2,428,3983,False,2025-11-25 11:56
3,428,4998,False,2025-11-26 19:19
2,1099,5996,False,2025-11-26 23:27
1,733,9869,False,2025-11-25 22:05
3,672,7203,False,2025-11-26 13:31
1,550,2142,False,2025-11-26 17:48
2,550,8332,False,2025-11-27 08:14
2,916,8887,False,2025-11-27 21:30
2,855,225,False,2025-11-28 01:55
3,367,18,False,2025-11-27 13:50
3,1099,4481,False,2025-11-27 20:20
2,916,1227,False,2025-11-28 16:30
1,123,6170,False,2025-11-28 18:36
3,1,9218,False,2025-11-27 13:25
1,306,2061,False,2025-11-28 00:36
2,1038,8607,False,2025-11-30 00:03
1,428,6689,False,2025-11-29 15:31
2,916,3010,False,2025-11-28 15:52
3,123,833,False,2025-11-29 02:52
3,489,88,False,2025-11-28 13:26
3,367,7595,False,2025-11-29 04:35
1,184,6249,False,2025-11-30 05:48
3,123,2517,False,2025-11-29 04:38
2,184,8461,False,2025-11-29 02:25
3,1099,1305,False,2025-11-29 23:51
1,1099,2526,False,2025-11-30 12:34
3,367,3317,False,2025-11-30 00:38
1,367,1502,False,2025-11-29 20:04
2,794,7605,False,2025-11-29 17:43
2,367,6687,False,2025-11-30 16:51
1,1160,3850,False,2025-11-30 03:56
2,855,1677,False,2025-11-30 03:45
3,489,3832,False,2025-12-01 01:53
2,123,8964,False,2025-11-30 13:54
3,1160,5937,False,2025-12-01 01:29
2,977,6172,False,2025-12-01 05:35
2,855,7177,False,2025-12-01 14:24
1,1,1225,False,2025-12-01 09:12
3,1,3348,False,2025-12-01 08:39
1,123,70,False,2025-11-30 19:48
1,367,9809,False,2025-12-02 15:12
1,245,3629,False,2025-12-01 19:24
3,306,9349,False,2025-12-01 12:34
1,916,759,False,2025-12-02 23:43
3,489,7519,False,2025-12-01 11:09
2,672,2844,False,2025-12-02 07:57
1,1038,3642,False,2025-12-02 00:20
2,428,6290,False,2025-12-01 10:08
3,550,4713,False,2025-12-02 23:43
3,611,7717,False,2025-12-02 21:17
1,489,1306,False,2025-12-03 06:35
3,306,7358,False,2025-12-02 08:09
3,245,3733,False,2025-12-03 09:28
3,123,1955,False,2025-12-02 11:03
2,123,1867,False,2025-12-03 06:18
2,550,1242,False,2025-12-03 15:36
1,306,3835,False,2025-12-03 23:11
2,123,2375,False,2025-12-03 18:44
2,1160,6430,False,2025-12-02 14:40
2,611,7678,False,2025-12-04 05:31
1,489,1733,False,2025-12-04 04:04
1,62,9952,False,2025-12-04 20:46
1,916,5991,False,2025-12-04 15:06
2,1038,2571,False,2025-12-04 16:30
3,367,8981,False,2025-12-04 06:17
2,550,9661,False,2025-12-04 08:07
3,1038,7191,False,2025-12-04 09:44
2,611,9183,False,2025-12-04 14:27
2,916,8509,False,2025-12-04 16:41
3,489,9688,False,2025-12-05 14:37
1,489,4371,False,2025-12-05 13:53
1,916,1206,False,2025-12-05 06:33
3,123,951,False,2025-12-06 07:21
3,1,8408,False,2025-12-06 08:10
2,1099,3697,False,2025-12-06 10:13
2,794,4857,False,2025-12-06 17:55
1,672,7315,False,2025-12-07 06:52
2,123,1279,False,2025-12-06 23:24
1,1038,7891,False,2025-12-07 08:25
3,550,7894,False,2025-12-06 07:03
3,672,4136,False,2025-12-07 10:06
2,62,681,False,2025-12-06 05:45
1,855,8943,False,2025-12-07 13:57
1,916,9133,False,2025-12-06 23:40
2,367,6209,False,2025-12-07 22:39
1,306,3988,False,2025-12-06 15:45
2,1038,8017,False,2025-12-06 20:55
1,62,3575,False,2025-12-07 03:53
3,1,8855,False,2025-12-07 03:14
3,428,4898,False,2025-12-07 00:25
3,123,3077,False,2025-12-07 16:34
3,184,8402,False,2025-12-08 09:40
2,977,9032,False,2025-12-08 17:14
1,794,2226,False,2025-12-08 19:46
3,672,9257,False,2025-12-08 10:59
2,245,6874,False,2025-12-07 21:20
3,1160,103,False,2025-12-08 18:54
2,428,7248,False,2025-12-08 11:28
2,550,4531,False,2025-12-08 11:57
2,977,2470,False,2025-12-09 10:22
3,184,2996,False,2025-12-09 01:38
2,794,5544,False,2025-12-08 21:26
3,916,8582,False,2025-12-10 05:13
1,916,2377,False,2025-12-10 18:18
2,550,920,False,2025-12-10 09:08
